Country_code,Country_name,GOR_code,GOR_name,Old_LA_Code,New_LA_Code,LA_Name,ELG_1_Emerge,ELG_1_Expect,ELG_1_Exceed,ELG_1_ At least,ELG_2_Emerge,ELG_2_Expect,ELG_2_Exceed,ELG_2_ At least,ELG_3_Emerge,ELG_3_Expect,ELG_3_Exceed,ELG_3_ At least,ELG_4_Emerge,ELG_4_Expect,ELG_4_Exceed,ELG_4_ At least,ELG_5_Emerge,ELG_5_Expect,ELG_5_Exceed,ELG_5_ At least,ELG_6_Emerge,ELG_6_Expect,ELG_6_Exceed,ELG_6_ At least,ELG_7_Emerge,ELG_7_Expect,ELG_7_Exceed,ELG_7_ At least,ELG_8_Emerge,ELG_8_Expect,ELG_8_Exceed,ELG_8_ At least,ELG_9_Emerge,ELG_9_Expect,ELG_9_Exceed,ELG_9_ At least,ELG_10_Emerge,ELG_10_Expect,ELG_10_Exceed,ELG_10_ At least,ELG_11_Emerge,ELG_11_Expect,ELG_11_Exceed,ELG_11_ At least,ELG_12_Emerge,ELG_12_Expect,ELG_12_Exceed,ELG_12_ At least,ELG_13_Emerge,ELG_13_Expect,ELG_13_Exceed,ELG_13_ At least,ELG_14_Emerge,ELG_14_Expect,ELG_14_Exceed,ELG_14_ At least,ELG_15_Emerge,ELG_15_Expect,ELG_15_Exceed,ELG_15_ At least,ELG_16_Emerge,ELG_16_Expect,ELG_16_Exceed,ELG_16_ At least,ELG_17_Emerge,ELG_17_Expect,ELG_17_Exceed,ELG_17_ At least
E92000001,England,E12000004,East Midlands,830,E10000007,Derbyshire,1290,5166,2268,7434,1258,5121,2345,7466,1295,5491,1938,7429,995,5728,2001,7729,779,5817,2128,7945,965,5764,1995,7759,1071,5857,1796,7653,961,5956,1807,7763,2010,4830,1884,6714,2355,5092,1277,6369,1870,5183,1671,6854,1614,5607,1503,7110,1235,6055,1434,7489,1215,5888,1621,7509,770,6570,1384,7954,1043,6070,1611,7681,1079,6068,1577,7645
E92000001,England,E12000004,East Midlands,831,E06000015,Derby,592,2102,810,2912,606,2106,792,2898,637,2181,686,2867,448,2430,626,3056,431,2423,650,3073,508,2364,632,2996,526,2383,595,2978,467,2430,607,3037,900,1969,635,2604,1019,2001,484,2485,844,2042,618,2660,781,2186,537,2723,657,2359,488,2847,636,2352,516,2868,393,2582,529,3111,548,2380,576,2956,575,2439,490,2929
E92000001,England,E12000004,East Midlands,855,E10000018,Leicestershire,961,5087,1863,6950,983,5082,1846,6928,991,5387,1533,6920,735,5834,1342,7176,551,5766,1594,7360,772,5704,1435,7139,840,5728,1343,7071,728,5884,1299,7183,1748,4728,1435,6163,2098,5007,806,5813,1557,5085,1269,6354,1308,5402,1201,6603,1010,5774,1127,6901,976,5621,1314,6935,450,6348,1113,7461,718,5899,1294,7193,753,6032,1126,7158
E92000001,England,E12000004,East Midlands,856,E06000016,Leicester,937,2789,1111,3900,955,2806,1076,3882,1007,2920,910,3830,682,3252,903,4155,677,3222,938,4160,767,3238,832,4070,785,3337,715,4052,676,3437,724,4161,1467,2648,722,3370,1569,2785,483,3268,1322,2879,636,3515,1217,3103,517,3620,1039,3248,550,3798,1059,3208,570,3778,470,3211,1156,4367,780,3449,608,4057,878,3408,551,3959
E92000001,England,E12000004,East Midlands,857,E06000017,Rutland,42,252,110,362,39,258,107,365,40,276,88,364,24,293,87,380,15,279,110,389,35,282,87,369,42,283,79,362,32,299,73,372,63,247,94,341,89,255,60,315,65,257,82,339,49,274,81,355,37,295,72,367,34,279,91,370,12,317,75,392,30,295,79,374,30,302,72,374
E92000001,England,E12000004,East Midlands,891,E10000024,Nottinghamshire,1401,6594,1780,8374,1443,6538,1794,8332,1455,6886,1434,8320,1119,7363,1293,8656,857,7372,1546,8918,1099,7320,1356,8676,1223,7365,1187,8552,1057,7562,1156,8718,2498,5920,1357,7277,2834,6173,768,6941,2188,6425,1162,7587,1908,6757,1110,7867,1387,7461,927,8388,1392,7319,1064,8383,796,8116,863,8979,1228,7460,1087,8547,1274,7566,935,8501
E92000001,England,E12000004,East Midlands,892,E06000018,Nottingham,609,2615,661,3276,673,2591,621,3212,663,2688,534,3222,451,3006,428,3434,427,2977,481,3458,544,2867,474,3341,590,2896,399,3295,489,2985,411,3396,1153,2251,481,2732,1272,2361,252,2613,1017,2424,444,2868,960,2535,390,2925,790,2787,308,3095,796,2768,321,3089,357,3169,359,3528,541,2964,380,3344,700,2862,323,3185
E92000001,England,E12000004,East Midlands,925,E10000019,Lincolnshire,1135,5178,1918,7096,1165,5200,1866,7066,1201,5449,1581,7030,797,5757,1677,7434,673,6048,1510,7558,840,5912,1479,7391,926,6042,1263,7305,797,6160,1274,7434,1944,4611,1676,6287,2326,4866,1039,5905,1781,5140,1310,6450,1528,5489,1214,6703,1100,5979,1152,7131,1130,5821,1280,7101,465,6561,1205,7766,811,6129,1291,7420,855,6208,1168,7376
E92000001,England,E12000004,East Midlands,928,E10000021,Northamptonshire,1400,6188,2065,8253,1414,6208,2031,8239,1512,6539,1602,8141,1083,6900,1670,8570,848,6980,1825,8805,1097,6929,1627,8556,1146,7108,1399,8507,1060,7212,1381,8593,2202,5717,1734,7451,2655,6127,871,6998,2028,6195,1430,7625,1781,6604,1268,7872,1402,7171,1080,8251,1397,7020,1236,8256,737,7884,1032,8916,1154,7230,1269,8499,1175,7349,1129,8478
E92000001,England,E12000006,East of England,821,E06000032,Luton,547,2135,666,2801,573,2113,662,2775,591,2206,551,2757,334,2488,526,3014,390,2431,527,2958,463,2373,512,2885,473,2461,414,2875,414,2498,436,2934,862,1970,516,2486,988,2025,335,2360,797,2089,462,2551,741,2181,426,2607,624,2330,394,2724,615,2336,397,2733,344,2510,494,3004,464,2462,422,2884,504,2468,376,2844
E92000001,England,E12000006,East of England,822,E06000055,Bedford Borough,405,1446,462,1908,437,1411,465,1876,438,1464,411,1875,258,1710,345,2055,289,1679,345,2024,360,1614,339,1953,390,1653,270,1923,304,1702,307,2009,586,1365,362,1727,692,1395,226,1621,549,1484,280,1764,532,1576,205,1781,446,1649,218,1867,456,1612,245,1857,212,1935,166,2101,366,1674,273,1947,394,1688,231,1919
E92000001,England,E12000006,East of England,823,E06000056,Central Bedfordshire,411,2485,745,3230,411,2517,713,3230,409,2655,577,3232,317,2861,463,3324,248,2931,462,3393,317,2803,521,3324,372,2853,416,3269,306,2932,403,3335,708,2340,593,2933,903,2526,212,2738,664,2505,472,2977,542,2724,375,3099,405,2964,272,3236,414,2916,311,3227,201,2950,490,3440,354,2926,361,3287,369,2986,286,3272
E92000001,England,E12000006,East of England,873,E10000003,Cambridgeshire,1061,5038,1534,6572,1065,4903,1665,6568,1098,5182,1353,6535,790,5725,1118,6843,647,5875,1111,6986,814,5676,1143,6819,885,5774,974,6748,763,5963,907,6870,1763,4341,1529,5870,2041,4758,834,5592,1514,4921,1198,6119,1351,5216,1066,6282,1024,5780,829,6609,1047,5493,1093,6586,553,6392,688,7080,843,5708,1082,6790,844,5815,974,6789
E92000001,England,E12000006,East of England,874,E06000031,Peterborough,603,1633,931,2564,641,1628,898,2526,637,1757,773,2530,489,1972,706,2678,462,1899,806,2705,514,1879,774,2653,539,1901,727,2628,492,1919,756,2675,967,1541,659,2200,1097,1680,390,2070,861,1736,570,2306,871,1784,512,2296,745,1831,591,2422,744,1810,613,2423,376,2205,586,2791,621,1972,574,2546,662,1983,522,2505
E92000001,England,E12000006,East of England,881,E10000012,Essex,2061,10847,4306,15153,2072,10754,4388,15142,2134,11478,3602,15080,1503,12140,3571,15711,1202,12207,3805,16012,1610,12206,3398,15604,1743,12422,3049,15471,1434,12731,3049,15780,3322,10342,3550,13892,4069,11171,1974,13145,3109,11052,3053,14105,2638,11497,3079,14576,2068,12491,2655,15146,2017,12197,3000,15197,875,13390,2949,16339,1562,12582,3070,15652,1531,12849,2834,15683
E92000001,England,E12000006,East of England,882,E06000033,Southend-on-Sea,277,1182,737,1919,258,1188,750,1938,279,1311,606,1917,199,1367,630,1997,164,1341,691,2032,200,1404,592,1996,225,1439,532,1971,192,1493,511,2004,453,1256,487,1743,522,1419,255,1674,414,1325,457,1782,337,1411,448,1859,258,1437,501,1938,258,1404,534,1938,100,1473,623,2096,210,1442,544,1986,212,1440,544,1984
E92000001,England,E12000006,East of England,883,E06000034,Thurrock,292,1716,504,2220,314,1706,492,2198,305,1807,400,2207,200,1961,351,2312,174,2037,301,2338,209,1954,349,2303,244,1942,326,2268,195,2019,298,2317,483,1647,382,2029,532,1747,233,1980,426,1762,324,2086,391,1844,277,2121,291,2001,220,2221,294,2002,216,2218,113,2121,278,2399,216,1976,320,2296,213,2005,294,2299
E92000001,England,E12000006,East of England,919,E10000015,Hertfordshire,1940,8826,4133,12959,1952,8675,4272,12947,1980,9161,3758,12919,1590,9652,3657,13309,1315,9591,3993,13584,1671,9786,3442,13228,1865,9922,3112,13034,1617,10239,3043,13282,3175,8210,3514,11724,3735,8826,2338,11164,2849,8959,3091,12050,2620,9340,2939,12279,2159,10043,2697,12740,2181,9809,2909,12718,1406,11147,2346,13493,1783,10149,2967,13116,1824,10353,2722,13075
E92000001,England,E12000006,East of England,926,E10000020,Norfolk,1198,7324,1194,8518,1239,7336,1141,8477,1312,7441,963,8404,859,8083,774,8857,712,8424,580,9004,920,7950,846,8796,1091,7951,674,8625,927,8181,608,8789,2146,6443,1127,7570,2613,6666,437,7103,1915,7030,771,7801,1600,7562,554,8116,1220,7991,505,8496,1209,7828,679,8507,573,8739,404,9143,963,8071,682,8753,991,8090,635,8725
E92000001,England,E12000006,East of England,935,E10000029,Suffolk,1076,5410,1816,7226,1114,5402,1786,7188,1168,5658,1476,7134,792,6120,1390,7510,616,6295,1391,7686,824,6097,1381,7478,926,6166,1210,7376,831,6294,1177,7471,1794,4980,1528,6508,2176,5138,988,6126,1614,5393,1295,6688,1345,5844,1113,6957,1013,6368,921,7289,1027,6081,1194,7275,579,6744,979,7723,823,6264,1215,7479,829,6392,1081,7473
E92000001,England,E13000001,Inner London,201,E09000001,City of London,8,53,20,73,9,51,21,72,9,53,19,72,6,52,23,75,2,54,25,79,8,55,18,73,11,51,19,70,9,51,21,72,8,52,21,73,10,54,17,71,8,56,17,73,5,57,19,76,16,49,16,65,13,52,16,68,0,72,9,81,11,57,13,70,16,55,10,65
E92000001,England,E13000001,Inner London,202,E09000007,Camden,293,1029,425,1454,292,1013,442,1455,303,1094,350,1444,198,1172,377,1549,173,1162,412,1574,247,1177,323,1500,271,1198,278,1476,228,1223,296,1519,451,968,328,1296,521,1088,138,1226,378,1113,256,1369,352,1169,226,1395,279,1179,289,1468,260,1172,315,1487,156,1306,285,1591,208,1200,339,1539,209,1229,309,1538
E92000001,England,E13000001,Inner London,204,E09000012,Hackney,447,1949,667,2616,460,1877,726,2603,482,1983,598,2581,296,2225,542,2767,289,2198,576,2774,341,2143,579,2722,352,2215,496,2711,334,2212,517,2729,699,1761,603,2364,733,1854,476,2330,559,1916,588,2504,548,1983,532,2515,437,2098,528,2626,438,2070,555,2625,331,2279,453,2732,295,2218,550,2768,318,2213,532,2745
E92000001,England,E13000001,Inner London,205,E09000013,Hammersmith and Fulham,190,1076,376,1452,195,1060,387,1447,230,1068,344,1412,123,1191,328,1519,102,1157,383,1540,145,1154,343,1497,157,1211,274,1485,136,1231,275,1506,292,1011,339,1350,362,1043,237,1280,266,1082,294,1376,234,1149,259,1408,207,1187,248,1435,200,1170,272,1442,101,1242,299,1541,136,1222,284,1506,137,1243,262,1505
E92000001,England,E13000001,Inner London,206,E09000019,Islington,303,1222,529,1751,326,1247,481,1728,361,1311,382,1693,268,1462,324,1786,251,1478,325,1803,279,1445,330,1775,308,1458,288,1746,253,1493,308,1801,497,1178,379,1557,571,1296,187,1483,443,1296,315,1611,444,1376,234,1610,358,1466,230,1696,372,1439,243,1682,166,1619,269,1888,282,1494,278,1772,285,1525,244,1769
E92000001,England,E13000001,Inner London,207,E09000020,Kensington and Chelsea,157,653,228,881,160,651,227,878,164,667,207,874,118,722,198,920,121,733,184,917,137,709,192,901,164,718,156,874,134,742,162,904,216,619,203,822,247,655,136,791,194,683,161,844,183,704,151,855,162,694,182,876,169,697,172,869,81,821,136,957,125,752,161,913,139,749,150,899
E92000001,England,E13000001,Inner London,208,E09000022,Lambeth,486,2171,616,2787,506,2134,633,2767,515,2219,539,2758,346,2467,460,2927,312,2489,472,2961,389,2400,484,2884,416,2465,392,2857,330,2534,409,2943,768,2025,480,2505,879,2090,304,2394,669,2196,408,2604,647,2288,338,2626,510,2433,330,2763,507,2425,341,2766,270,2645,358,3003,366,2485,422,2907,371,2550,352,2902
E92000001,England,E13000001,Inner London,209,E09000023,Lewisham,370,3012,376,3388,412,2967,379,3346,421,3027,310,3337,245,3379,134,3513,202,3430,126,3556,262,3279,217,3496,282,3322,154,3476,248,3346,164,3510,633,2750,375,3125,718,2878,162,3040,537,2992,229,3221,471,3138,149,3287,339,3297,122,3419,343,3244,171,3415,175,3494,89,3583,226,3372,160,3532,231,3369,158,3527
E92000001,England,E13000001,Inner London,210,E09000028,Southwark,555,2231,808,3039,579,2183,832,3015,584,2278,732,3010,380,2536,678,3214,325,2592,677,3269,419,2469,706,3175,450,2510,634,3144,406,2567,621,3188,792,2158,644,2802,879,2265,450,2715,704,2287,603,2890,682,2399,513,2912,559,2452,583,3035,566,2414,614,3028,257,2718,619,3337,400,2533,661,3194,428,2537,629,3166
E92000001,England,E13000001,Inner London,211,E09000030,Tower Hamlets,619,2206,788,2994,652,2132,829,2961,672,2217,724,2941,481,2373,759,3132,423,2440,750,3190,508,2373,732,3105,534,2422,657,3079,488,2432,693,3125,989,1886,738,2624,1040,2034,539,2573,820,2163,630,2793,802,2226,585,2811,665,2420,528,2948,665,2391,557,2948,367,2685,561,3246,563,2432,618,3050,563,2438,612,3050
E92000001,England,E13000001,Inner London,212,E09000032,Wandsworth,410,2043,817,2860,397,1996,877,2873,420,2071,779,2850,267,2284,719,3003,226,2270,774,3044,314,2252,704,2956,342,2243,685,2928,303,2285,682,2967,552,1900,818,2718,694,2025,551,2576,518,2022,730,2752,498,2079,693,2772,398,2215,657,2872,389,2153,728,2881,205,2407,658,3065,253,2266,751,3017,270,2272,728,3000
E92000001,England,E13000001,Inner London,213,E09000033,Westminster,225,950,314,1264,225,929,335,1264,246,952,291,1243,158,1043,288,1331,144,1055,290,1345,160,1062,267,1329,203,1048,238,1286,173,1089,227,1316,363,841,285,1126,395,892,202,1094,317,938,234,1172,292,990,207,1197,233,1009,247,1256,236,1024,229,1253,104,1151,234,1385,171,1075,243,1318,187,1061,241,1302
E92000001,England,E13000001,Inner London,309,E09000014,Haringey,382,1997,701,2698,416,1925,739,2664,458,1964,658,2622,254,2211,615,2826,214,2262,604,2866,296,2210,574,2784,304,2254,522,2776,267,2290,523,2813,640,1830,610,2440,722,1960,398,2358,556,1984,540,2524,516,2057,507,2564,380,2136,564,2700,392,2097,591,2688,171,2210,699,2909,244,2235,601,2836,259,2218,603,2821
E92000001,England,E13000001,Inner London,316,E09000025,Newham,699,3032,1278,4310,724,2999,1286,4285,787,3062,1160,4222,480,3271,1258,4529,447,3308,1254,4562,550,3308,1151,4459,577,3361,1071,4432,525,3397,1087,4484,1024,2912,1073,3985,1116,3001,892,3893,887,3108,1014,4122,855,3157,997,4154,766,3303,940,4243,780,3275,954,4229,440,3577,992,4569,558,3450,1001,4451,607,3402,1000,4402
E92000001,England,E12000001,North East,390,E08000037,Gateshead,209,1215,803,2018,224,1200,803,2003,214,1274,739,2013,139,1429,659,2088,128,1382,717,2099,187,1352,688,2040,209,1421,597,2018,166,1470,591,2061,517,1256,454,1710,626,1260,341,1601,482,1280,465,1745,365,1376,486,1862,238,1494,495,1989,240,1460,527,1987,65,1478,684,2162,200,1470,557,2027,205,1545,477,2022
E92000001,England,E12000001,North East,391,E08000021,Newcastle upon Tyne,352,2144,779,2923,380,2103,792,2895,396,2212,667,2879,246,2360,669,3029,223,2394,658,3052,279,2411,585,2996,312,2381,582,2963,256,2442,577,3019,812,1835,628,2463,899,1950,426,2376,678,2027,570,2597,591,2155,529,2684,389,2424,462,2886,394,2404,477,2881,200,2641,434,3075,279,2452,544,2996,296,2508,471,2979
E92000001,England,E12000001,North East,392,E08000022,North Tyneside,314,1398,605,2003,309,1400,608,2008,277,1491,549,2040,251,1522,544,2066,179,1567,571,2138,240,1579,498,2077,280,1562,475,2037,230,1588,499,2087,492,1392,433,1825,622,1395,300,1695,491,1414,412,1826,391,1543,383,1926,325,1578,414,1992,314,1565,438,2003,149,1782,386,2168,279,1557,481,2038,255,1606,456,2062
E92000001,England,E12000001,North East,393,E08000023,South Tyneside,288,1093,343,1436,298,1073,353,1426,295,1139,290,1429,193,1251,280,1531,186,1272,266,1538,230,1243,251,1494,226,1284,214,1498,199,1316,209,1525,402,1013,309,1322,445,1048,231,1279,361,1114,249,1363,337,1193,194,1387,266,1274,184,1458,280,1222,222,1444,185,1322,217,1539,221,1305,198,1503,230,1314,180,1494
E92000001,England,E12000001,North East,394,E08000024,Sunderland,442,2084,745,2829,428,2073,770,2843,438,2152,681,2833,324,2344,603,2947,257,2356,658,3014,381,2245,645,2890,407,2311,553,2864,341,2348,582,2930,826,1933,512,2445,910,2020,341,2361,711,2080,480,2560,628,2168,475,2643,476,2237,558,2795,469,2223,579,2802,120,2081,1070,3151,350,2280,641,2921,364,2297,610,2907
E92000001,England,E12000001,North East,805,E06000001,Hartlepool,190,727,280,1007,198,719,280,999,203,743,251,994,164,787,246,1033,127,836,234,1070,169,782,246,1028,168,811,218,1029,158,840,199,1039,307,645,245,890,335,654,208,862,284,681,232,913,264,724,209,933,206,769,222,991,212,762,223,985,128,847,222,1069,185,790,222,1012,188,788,221,1009
E92000001,England,E12000001,North East,806,E06000002,Middlesbrough,446,1113,382,1495,444,1148,349,1497,454,1195,292,1487,356,1269,316,1585,301,1296,344,1640,355,1280,306,1586,380,1305,256,1561,356,1309,276,1585,607,1060,274,1334,676,1047,218,1265,570,1127,244,1371,540,1178,223,1401,443,1289,209,1498,473,1222,246,1468,267,1337,337,1674,384,1320,237,1557,405,1314,222,1536
E92000001,England,E12000001,North East,807,E06000003,Redcar and Cleveland,279,1283,165,1448,268,1293,166,1459,281,1318,128,1446,225,1406,96,1502,160,1489,78,1567,214,1372,141,1513,228,1401,98,1499,192,1451,84,1535,445,1091,191,1282,500,1128,99,1227,399,1202,126,1328,345,1290,92,1382,268,1393,66,1459,278,1367,82,1449,162,1530,35,1565,244,1391,92,1483,264,1373,90,1463
E92000001,England,E12000001,North East,808,E06000004,Stockton-on-Tees,367,1523,665,2188,360,1515,680,2195,368,1591,596,2187,261,1747,547,2294,248,1639,668,2307,284,1689,582,2271,333,1684,538,2222,293,1729,533,2262,634,1380,541,1921,715,1498,342,1840,560,1501,494,1995,490,1547,518,2065,385,1718,452,2170,385,1691,479,2170,167,1893,495,2388,311,1792,452,2244,351,1795,409,2204
E92000001,England,E12000001,North East,840,E06000047,County Durham,820,3296,1509,4805,846,3284,1495,4779,864,3445,1316,4761,633,3659,1333,4992,510,3749,1366,5115,572,3748,1305,5053,654,3823,1148,4971,609,3852,1164,5016,1307,3101,1217,4318,1473,3211,941,4152,1182,3309,1134,4443,1062,3524,1039,4563,764,3925,936,4861,772,3827,1026,4853,483,4146,996,5142,676,3934,1015,4949,746,3955,924,4879
E92000001,England,E12000001,North East,841,E06000005,Darlington,216,775,317,1092,204,794,310,1104,203,827,278,1105,171,869,268,1137,153,913,242,1155,180,864,264,1128,179,906,223,1129,154,931,223,1154,299,738,271,1009,340,770,198,968,297,802,209,1011,279,826,203,1029,209,878,221,1099,211,866,231,1097,121,998,189,1187,188,906,214,1120,193,902,213,1115
E92000001,England,E12000001,North East,929,E06000057,Northumberland,397,2154,932,3086,387,2134,962,3096,407,2251,825,3076,297,2405,781,3186,228,2372,883,3255,288,2403,792,3195,345,2416,722,3138,276,2466,741,3207,682,1989,812,2801,781,2117,585,2702,648,2088,747,2835,555,2215,713,2928,361,2400,722,3122,394,2294,795,3089,140,2566,777,3343,290,2419,774,3193,298,2455,730,3185
E92000001,England,E12000002,North West,340,E08000011,Knowsley,315,1282,343,1625,286,1294,360,1654,283,1332,325,1657,202,1535,203,1738,148,1460,332,1792,203,1461,276,1737,224,1488,228,1716,189,1511,240,1751,543,1170,227,1397,611,1208,121,1329,482,1252,206,1458,404,1348,188,1536,269,1501,170,1671,239,1486,215,1701,109,1570,261,1831,224,1477,239,1716,211,1480,249,1729
E92000001,England,E12000002,North West,341,E08000012,Liverpool,945,3611,1011,4622,964,3614,989,4603,1030,3670,867,4537,741,4004,822,4826,579,4122,866,4988,764,3935,868,4803,824,4015,728,4743,727,4118,722,4840,1728,3144,695,3839,1984,3226,357,3583,1548,3483,536,4019,1390,3679,498,4177,1005,4022,540,4562,1018,3970,579,4549,553,4577,437,5014,832,4139,596,4735,864,4190,513,4703
E92000001,England,E12000002,North West,342,E08000013,St. Helens,383,1341,439,1780,363,1364,436,1800,384,1417,362,1779,285,1550,328,1878,277,1547,339,1886,300,1481,382,1863,353,1464,346,1810,306,1512,345,1857,572,1240,351,1591,654,1289,220,1509,512,1346,305,1651,451,1439,273,1712,382,1541,240,1781,367,1527,269,1796,238,1707,218,1925,356,1508,299,1807,357,1546,260,1806
E92000001,England,E12000002,North West,343,E08000014,Sefton,426,1973,608,2581,404,1991,612,2603,414,2079,514,2593,306,2237,464,2701,212,2225,570,2795,274,2242,491,2733,334,2243,430,2673,283,2296,428,2724,709,1853,445,2298,790,1938,279,2217,632,1998,377,2375,528,2139,340,2479,377,2334,296,2630,363,2292,352,2644,176,2528,303,2831,317,2330,360,2690,327,2378,302,2680
E92000001,England,E12000002,North West,344,E08000015,Wirral,698,2497,751,3248,660,2558,728,3286,652,2759,535,3294,587,2981,378,3359,423,3126,397,3523,524,2890,532,3422,579,2888,479,3367,505,2964,477,3441,960,2385,601,2986,1119,2596,231,2827,873,2636,437,3073,786,2795,365,3160,598,3000,348,3348,601,2925,420,3345,368,3262,316,3578,560,3012,374,3386,565,3041,340,3381
E92000001,England,E12000002,North West,350,E08000001,Bolton,846,2479,833,3312,870,2445,843,3288,894,2555,709,3264,594,2861,703,3564,594,2790,774,3564,675,2738,745,3483,714,2773,671,3444,664,2857,637,3494,1176,2270,712,2982,1307,2322,529,2851,1114,2416,628,3044,1044,2517,597,3114,905,2721,532,3253,936,2670,552,3222,560,2956,642,3598,730,2888,540,3428,797,2845,516,3361
E92000001,England,E12000002,North West,351,E08000002,Bury,312,1592,577,2169,328,1592,561,2153,344,1624,513,2137,250,1723,508,2231,198,1637,646,2283,269,1782,430,2212,291,1803,387,2190,242,1867,372,2239,608,1452,421,1873,694,1514,273,1787,582,1548,351,1899,484,1653,344,1997,355,1751,375,2126,374,1701,406,2107,125,1497,859,2356,237,1809,435,2244,247,1787,447,2234
E92000001,England,E12000002,North West,352,E08000003,Manchester,1473,4486,1240,5726,1481,4444,1274,5718,1549,4580,1070,5650,1112,5141,946,6087,1090,5109,1000,6109,1212,5010,977,5987,1198,5132,869,6001,1082,5231,886,6117,2123,3946,1130,5076,2267,4226,706,4932,1898,4394,907,5301,1856,4530,813,5343,1540,4904,755,5659,1549,4875,775,5650,912,5586,701,6287,1283,5184,732,5916,1330,5203,666,5869
E92000001,England,E12000002,North West,353,E08000004,Oldham,668,2122,592,2714,721,2095,566,2661,717,2209,456,2665,494,2411,477,2888,499,2403,480,2883,617,2281,484,2765,621,2372,389,2761,549,2437,396,2833,1059,1854,469,2323,1152,1902,328,2230,994,2009,379,2388,926,2126,330,2456,825,2257,300,2557,808,2273,301,2574,441,2681,260,2941,726,2320,336,2656,744,2330,308,2638
E92000001,England,E12000002,North West,354,E08000005,Rochdale,651,1981,471,2452,675,1919,509,2428,681,1990,432,2422,533,2218,352,2570,446,2231,426,2657,557,2171,375,2546,570,2233,300,2533,524,2250,329,2579,969,1723,411,2134,1059,1809,235,2044,888,1896,319,2215,837,2018,248,2266,666,2174,263,2437,686,2123,294,2417,390,2317,396,2713,576,2216,311,2527,614,2234,255,2489
E92000001,England,E12000002,North West,355,E08000006,Salford,568,2208,548,2756,593,2171,560,2731,628,2240,456,2696,434,2433,457,2890,336,2495,493,2988,437,2443,444,2887,476,2477,371,2848,392,2542,390,2932,860,1935,529,2464,972,2031,321,2352,749,2151,424,2575,663,2268,393,2661,518,2530,276,2806,513,2503,308,2811,291,2788,245,3033,462,2503,359,2862,484,2522,318,2840
E92000001,England,E12000002,North West,356,E08000007,Stockport,483,2210,971,3181,459,2186,1019,3205,476,2319,869,3188,418,2435,811,3246,272,2453,939,3392,355,2527,782,3309,413,2468,783,3251,348,2580,736,3316,838,2001,825,2826,953,2180,531,2711,738,2236,690,2926,608,2348,708,3056,471,2517,676,3193,459,2461,744,3205,213,2420,1031,3451,369,2496,799,3295,367,2543,754,3297
E92000001,England,E12000002,North West,357,E08000008,Tameside,565,1996,527,2523,586,1967,535,2502,597,2059,432,2491,435,2309,344,2653,390,2337,361,2698,464,2216,408,2624,485,2287,316,2603,419,2320,349,2669,877,1769,442,2211,987,1881,220,2101,777,1949,362,2311,750,2037,301,2338,627,2197,264,2461,663,2118,307,2425,319,2567,202,2769,521,2257,310,2567,519,2274,295,2569
E92000001,England,E12000002,North West,358,E08000009,Trafford,346,1712,1103,2815,354,1708,1099,2807,370,1803,988,2791,276,1863,1022,2885,217,1837,1107,2944,276,1919,966,2885,307,1949,905,2854,260,1958,943,2901,625,1637,899,2536,755,1845,561,2406,580,1780,801,2581,524,1813,824,2637,388,1961,812,2773,399,1883,879,2762,174,1893,1094,2987,324,2011,826,2837,311,2030,820,2850
E92000001,England,E12000002,North West,359,E08000010,Wigan,634,2466,696,3162,654,2421,721,3142,614,2562,620,3182,511,2731,554,3285,433,2785,578,3363,499,2710,587,3297,532,2733,531,3264,487,2785,524,3309,949,2256,591,2847,1095,2286,415,2701,899,2367,530,2897,830,2511,455,2966,705,2675,416,3091,720,2639,437,3076,453,2945,398,3343,666,2682,448,3130,645,2744,407,3151
E92000001,England,E12000002,North West,876,E06000006,Halton,297,1071,202,1273,299,1062,209,1271,288,1097,185,1282,231,1193,146,1339,195,1202,173,1375,239,1174,157,1331,262,1161,147,1308,226,1191,153,1344,515,891,164,1055,592,902,76,978,456,1000,114,1114,439,1043,88,1131,338,1139,93,1232,332,1139,99,1238,161,1311,98,1409,282,1176,112,1288,278,1184,108,1292
E92000001,England,E12000002,North West,877,E06000007,Warrington,396,1546,668,2214,395,1530,685,2215,395,1604,611,2215,297,1767,546,2313,229,1697,684,2381,291,1720,599,2319,299,1766,545,2311,283,1785,542,2327,651,1357,602,1959,705,1498,407,1905,547,1532,531,2063,485,1615,510,2125,363,1807,440,2247,366,1740,504,2244,143,1885,582,2467,311,1862,437,2299,315,1891,404,2295
E92000001,England,E12000002,North West,888,E10000017,Lancashire,2050,8644,3376,12020,2038,8584,3448,12032,2197,9045,2828,11873,1627,9698,2745,12443,1216,9625,3229,12854,1483,9759,2828,12587,1674,9813,2583,12396,1459,10032,2579,12611,3317,7846,2907,10753,3868,8218,1984,10202,3077,8511,2482,10993,2764,9020,2286,11306,2083,9914,2073,11987,2063,9731,2276,12007,1271,10911,1888,12799,1805,10047,2218,12265,1785,10087,2198,12285
E92000001,England,E12000002,North West,889,E06000008,Blackburn with Darwen,405,1355,448,1803,408,1357,443,1800,446,1415,347,1762,343,1508,357,1865,244,1508,456,1964,306,1528,374,1902,306,1553,349,1902,294,1594,320,1914,618,1194,396,1590,688,1246,274,1520,566,1343,299,1642,522,1428,258,1686,411,1520,277,1797,421,1537,250,1787,260,1676,272,1948,341,1551,316,1867,353,1533,322,1855
E92000001,England,E12000002,North West,890,E06000009,Blackpool,275,1149,287,1436,290,1131,290,1421,291,1188,232,1420,205,1349,157,1506,183,1309,219,1528,213,1284,214,1498,227,1316,168,1484,181,1375,155,1530,442,1043,226,1269,534,1040,137,1177,416,1109,186,1295,376,1161,174,1335,297,1302,112,1414,290,1269,152,1421,155,1422,134,1556,236,1310,165,1475,231,1331,149,1480
E92000001,England,E12000002,North West,895,E06000049,Cheshire East,596,2690,1011,3701,590,2675,1032,3707,608,2836,853,3689,480,3066,751,3817,327,3039,931,3970,413,3052,832,3884,492,3010,795,3805,394,3151,752,3903,996,2384,917,3301,1084,2633,580,3213,863,2657,777,3434,736,2843,718,3561,542,3086,669,3755,569,2979,749,3728,288,3370,639,4009,489,3079,729,3808,485,3160,652,3812
E92000001,England,E12000002,North West,896,E06000050,Cheshire West and Chester,505,2252,1254,3506,505,2256,1250,3506,552,2396,1063,3459,400,2660,951,3611,330,2549,1132,3681,398,2557,1056,3613,471,2607,933,3540,374,2704,933,3637,953,2173,885,3058,1088,2440,483,2923,841,2407,763,3170,683,2541,787,3328,514,2699,798,3497,513,2614,884,3498,195,2782,1034,3816,439,2751,821,3572,437,2811,763,3574
E92000001,England,E12000002,North West,909,E10000006,Cumbria,690,3293,1054,4347,675,3303,1059,4362,672,3510,855,4365,565,3602,870,4472,392,3761,884,4645,510,3690,837,4527,593,3779,665,4444,498,3844,695,4539,1183,2965,889,3854,1471,3079,487,3566,1067,3259,711,3970,860,3576,601,4177,595,3913,529,4442,611,3714,712,4426,336,3916,785,4701,525,3825,687,4512,555,3801,681,4482
E92000001,England,E13000002,Outer London,203,E09000011,Greenwich,467,2257,1007,3264,450,2259,1022,3281,458,2394,879,3273,324,2651,756,3407,317,2579,835,3414,377,2510,844,3354,424,2550,757,3307,365,2591,775,3366,705,2162,864,3026,769,2338,624,2962,643,2321,767,3088,585,2420,726,3146,475,2556,700,3256,464,2542,725,3267,236,2772,723,3495,330,2684,717,3401,358,2678,695,3373
E92000001,England,E13000002,Outer London,301,E09000002,Barking and Dagenham,611,2363,824,3187,644,2370,784,3154,662,2453,683,3136,429,2695,674,3369,424,2646,728,3374,503,2649,646,3295,502,2741,555,3296,475,2756,567,3323,939,2125,734,2859,991,2371,436,2807,789,2450,559,3009,785,2563,450,3013,686,2689,423,3112,667,2699,432,3131,420,2980,398,3378,531,2780,487,3267,554,2820,424,3244
E92000001,England,E13000002,Outer London,302,E09000003,Barnet,531,2832,1236,4068,582,2815,1202,4017,628,2895,1076,3971,488,3386,725,4111,354,3182,1063,4245,487,3207,905,4112,518,3281,800,4081,433,3360,806,4166,949,2764,886,3650,1148,2975,476,3451,812,2975,812,3787,795,3063,741,3804,658,3113,828,3941,645,3087,867,3954,307,3415,877,4292,471,3304,824,4128,506,3285,808,4093
E92000001,England,E13000002,Outer London,303,E09000004,Bexley,359,2179,800,2979,384,2154,800,2954,412,2208,718,2926,274,2347,717,3064,227,2339,772,3111,302,2328,708,3036,306,2377,655,3032,285,2435,618,3053,577,2027,734,2761,676,2163,499,2662,514,2171,653,2824,485,2236,617,2853,366,2490,482,2972,356,2419,563,2982,192,2637,509,3146,254,2494,590,3084,265,2510,563,3073
E92000001,England,E13000002,Outer London,304,E09000005,Brent,661,2566,721,3287,649,2544,755,3299,718,2589,641,3230,401,2944,603,3547,369,2980,599,3579,544,2818,586,3404,561,2905,482,3387,485,2944,519,3463,985,2312,651,2963,1076,2489,383,2872,837,2596,515,3111,827,2703,418,3121,717,2796,435,3231,710,2797,441,3238,337,3163,448,3611,456,2986,506,3492,519,2957,472,3429
E92000001,England,E13000002,Outer London,305,E09000006,Bromley,424,2717,989,3706,438,2709,983,3692,453,2756,921,3677,360,2991,779,3770,266,2984,880,3864,377,2942,811,3753,414,2970,746,3716,353,3033,744,3777,675,2516,939,3455,788,2835,507,3342,619,2736,775,3511,539,2806,785,3591,448,2933,749,3682,433,2875,822,3697,224,3211,695,3906,333,3081,716,3797,321,3054,755,3809
E92000001,England,E13000002,Outer London,306,E09000008,Croydon,751,3265,1036,4301,762,3258,1032,4290,759,3351,942,4293,548,3728,776,4504,485,3780,787,4567,588,3562,902,4464,635,3602,815,4417,565,3671,816,4487,1030,3092,930,4022,1206,3248,598,3846,933,3355,764,4119,897,3489,666,4155,786,3645,621,4266,790,3624,638,4262,452,4114,486,4600,610,3734,708,4442,595,3793,664,4457
E92000001,England,E13000002,Outer London,307,E09000009,Ealing,684,2817,1014,3831,710,2763,1042,3805,749,2821,945,3766,426,3139,950,4089,423,3101,991,4092,564,3045,906,3951,579,3144,792,3936,507,3171,837,4008,1001,2602,912,3514,1142,2664,709,3373,873,2833,809,3642,866,2913,736,3649,714,3056,745,3801,718,3058,739,3797,360,3460,695,4155,469,3293,753,4046,520,3254,741,3995
E92000001,England,E13000002,Outer London,308,E09000010,Enfield,803,2995,872,3867,869,2872,929,3801,931,2951,788,3739,586,3353,731,4084,527,3321,822,4143,644,3218,808,4026,685,3310,675,3985,613,3352,705,4057,1280,2603,787,3390,1411,2763,496,3259,1137,2886,647,3533,1068,3057,545,3602,883,3197,590,3787,857,3186,627,3813,439,3568,663,4231,604,3344,722,4066,607,3336,727,4063
E92000001,England,E13000002,Outer London,310,E09000015,Harrow,433,2113,641,2754,465,2066,656,2722,512,2146,529,2675,271,2373,543,2916,244,2415,528,2943,358,2271,558,2829,327,2382,478,2860,280,2460,447,2907,663,1912,612,2524,760,2014,413,2427,610,2082,495,2577,573,2168,446,2614,477,2324,386,2710,480,2255,452,2707,229,2610,348,2958,322,2352,513,2865,358,2376,453,2829
E92000001,England,E13000002,Outer London,311,E09000016,Havering,360,2405,551,2956,378,2446,492,2938,383,2525,408,2933,241,2765,310,3075,182,2810,324,3134,244,2688,384,3072,291,2740,285,3025,226,2832,258,3090,691,2197,428,2625,814,2298,204,2502,604,2457,255,2712,495,2636,185,2821,324,2767,225,2992,343,2735,238,2973,90,2814,412,3226,207,2757,352,3109,204,2753,359,3112
E92000001,England,E13000002,Outer London,312,E09000017,Hillingdon,514,2867,897,3764,577,2806,895,3701,585,2968,725,3693,390,3114,774,3888,369,2992,917,3909,449,3089,740,3829,482,3177,619,3796,396,3238,644,3882,937,2495,846,3341,1034,2743,501,3244,845,2817,616,3433,718,2975,585,3560,598,3170,510,3680,590,3156,532,3688,340,3405,533,3938,400,3272,606,3878,457,3276,545,3821
E92000001,England,E13000002,Outer London,313,E09000018,Hounslow,530,2251,860,3111,575,2227,839,3066,604,2289,748,3037,351,2650,640,3290,421,2602,618,3220,447,2542,652,3194,470,2615,556,3171,399,2638,604,3242,848,2117,676,2793,936,2301,404,2705,787,2285,569,2854,745,2408,488,2896,626,2442,573,3015,648,2435,558,2993,188,2756,697,3453,423,2632,586,3218,457,2654,530,3184
E92000001,England,E13000002,Outer London,314,E09000021,Kingston upon Thames,143,1013,873,1886,158,1045,826,1871,174,1094,761,1855,116,1284,629,1913,124,1231,674,1905,158,1267,604,1871,185,1316,528,1844,161,1340,528,1868,350,1178,501,1679,456,1264,309,1573,289,1325,415,1740,265,1339,425,1764,204,1258,567,1825,206,1273,550,1823,90,1342,597,1939,140,1252,637,1889,164,1295,570,1865
E92000001,England,E13000002,Outer London,315,E09000024,Merton,265,1536,748,2284,306,1521,722,2243,323,1579,647,2226,200,1782,567,2349,191,1729,629,2358,274,1723,552,2275,301,1756,492,2248,242,1784,523,2307,533,1495,521,2016,618,1615,316,1931,469,1617,463,2080,447,1656,446,2102,337,1721,491,2212,340,1695,514,2209,165,1893,491,2384,263,1794,492,2286,275,1814,460,2274
E92000001,England,E13000002,Outer London,317,E09000026,Redbridge,609,2460,1459,3919,666,2449,1413,3862,695,2559,1274,3833,422,2707,1399,4106,435,2583,1510,4093,488,2786,1254,4040,522,2859,1147,4006,454,2935,1139,4074,957,2416,1155,3571,1087,2768,673,3441,873,2725,930,3655,827,2771,930,3701,677,2901,950,3851,694,2885,949,3834,301,2864,1363,4227,454,2902,1172,4074,484,2977,1067,4044
E92000001,England,E13000002,Outer London,318,E09000027,Richmond upon Thames,127,1351,1211,2562,158,1358,1173,2531,182,1403,1104,2507,129,1795,765,2560,116,1740,833,2573,155,1721,813,2534,201,1774,714,2488,164,1792,733,2525,386,1577,726,2303,517,1738,434,2172,344,1693,652,2345,263,1713,713,2426,177,1705,807,2512,188,1671,830,2501,82,1787,820,2607,114,1779,796,2575,143,1773,773,2546
E92000001,England,E13000002,Outer London,319,E09000029,Sutton,396,1592,646,2238,402,1573,659,2232,422,1669,543,2212,316,1742,576,2318,231,1806,597,2403,293,1764,577,2341,311,1786,537,2323,280,1834,520,2354,582,1503,549,2052,686,1537,411,1948,533,1592,509,2101,503,1676,455,2131,386,1756,492,2248,376,1740,518,2258,221,1941,472,2413,306,1809,519,2328,292,1854,488,2342
E92000001,England,E13000002,Outer London,320,E09000031,Waltham Forest,512,2394,915,3309,559,2323,939,3262,601,2385,835,3220,364,2692,765,3457,320,2701,800,3501,409,2619,793,3412,416,2706,699,3405,371,2704,746,3450,843,2236,742,2978,899,2355,567,2922,715,2407,699,3106,668,2492,661,3153,544,2536,741,3277,552,2524,745,3269,295,2872,654,3526,395,2674,752,3426,415,2694,712,3406
E92000001,England,E12000008,South East,825,E10000002,Buckinghamshire,752,4062,1704,5766,710,4063,1745,5808,790,4311,1417,5728,543,4646,1329,5975,414,4526,1578,6104,591,4547,1380,5927,645,4677,1196,5873,564,4777,1177,5954,1229,3829,1460,5289,1536,4091,891,4982,1091,4229,1198,5427,923,4422,1173,5595,713,4712,1093,5805,659,4588,1271,5859,365,5044,1109,6153,532,4667,1319,5986,556,4678,1284,5962
E92000001,England,E12000008,South East,826,E06000042,Milton Keynes,525,2253,1139,3392,513,2331,1073,3404,519,2569,829,3398,404,2571,942,3513,329,2441,1147,3588,370,2601,946,3547,451,2621,845,3466,387,2637,893,3530,765,2278,874,3152,928,2450,539,2989,726,2433,758,3191,631,2565,721,3286,462,2722,733,3455,460,2731,726,3457,191,1765,1961,3726,378,2761,778,3539,392,2852,673,3525
E92000001,England,E12000008,South East,845,E10000011,East Sussex,532,3034,2097,5131,540,3130,1993,5123,555,3271,1837,5108,427,3653,1583,5236,336,3587,1740,5327,418,3537,1708,5245,483,3634,1546,5180,396,3724,1543,5267,1036,3254,1373,4627,1233,3753,677,4430,902,3544,1217,4761,748,3666,1249,4915,560,3754,1349,5103,562,3635,1466,5101,180,2978,2505,5483,408,3660,1595,5255,422,3725,1516,5241
E92000001,England,E12000008,South East,846,E06000043,Brighton and Hove,391,1864,528,2392,362,1899,522,2421,386,2004,393,2397,294,2169,320,2489,196,2249,338,2587,268,2165,350,2515,302,2187,294,2481,256,2252,275,2527,625,1676,482,2158,710,1869,204,2073,503,1948,332,2280,413,2076,294,2370,303,2194,286,2480,293,2147,343,2490,148,2431,204,2635,233,2232,318,2550,210,2300,273,2573
E92000001,England,E12000008,South East,850,E10000014,Hampshire,1457,10786,3757,14543,1539,10823,3638,14461,1582,11491,2927,14418,1286,11936,2778,14714,938,12212,2850,15062,1300,11862,2838,14700,1467,12045,2488,14533,1209,12402,2389,14791,2848,9788,3364,13152,3557,10817,1626,12443,2490,11012,2498,13510,2160,11656,2184,13840,1580,12324,2096,14420,1627,11912,2461,14373,777,13162,2061,15223,1325,12250,2425,14675,1226,12599,2175,14774
E92000001,England,E12000008,South East,851,E06000044,Portsmouth,318,1666,482,2148,322,1626,518,2144,336,1709,421,2130,240,1847,379,2226,166,1828,472,2300,249,1798,419,2217,248,1877,341,2218,224,1901,341,2242,582,1384,500,1884,672,1553,241,1794,501,1597,368,1965,439,1676,351,2027,306,1831,329,2160,313,1801,352,2153,152,1951,363,2314,227,1866,373,2239,228,1918,320,2238
E92000001,England,E12000008,South East,852,E06000045,Southampton,353,1934,745,2679,388,1917,727,2644,421,2056,555,2611,250,2249,533,2782,243,2104,685,2789,297,2202,533,2735,345,2201,486,2687,264,2269,499,2768,706,1796,530,2326,839,2061,132,2193,619,1916,497,2413,529,2049,454,2503,402,2180,450,2630,422,2140,470,2610,155,2312,565,2877,267,2263,502,2765,274,2343,415,2758
E92000001,England,E12000008,South East,867,E06000036,Bracknell Forest,125,908,458,1366,146,921,424,1345,158,962,371,1333,146,1035,310,1345,89,1053,349,1402,117,1031,343,1374,129,1092,270,1362,109,1127,255,1382,309,807,375,1182,367,902,222,1124,260,927,304,1231,206,988,297,1285,131,1086,274,1360,122,1058,311,1369,55,1149,287,1436,90,1107,294,1401,91,1103,297,1400
E92000001,England,E12000008,South East,868,E06000040,Windsor and Maidenhead,146,993,590,1583,133,983,613,1596,157,1001,571,1572,86,1075,568,1643,73,1003,653,1656,104,1123,502,1625,130,1160,439,1599,104,1209,416,1625,259,1008,462,1470,349,1093,287,1380,255,1088,386,1474,183,1123,423,1546,140,1225,364,1589,99,1184,446,1630,41,1199,489,1688,92,1146,491,1637,91,1191,447,1638
E92000001,England,E12000008,South East,869,E06000037,West Berkshire,152,1276,559,1835,168,1267,552,1819,165,1336,486,1822,126,1367,494,1861,80,1373,534,1907,126,1389,472,1861,140,1447,400,1847,111,1462,414,1876,329,1205,453,1658,424,1300,263,1563,320,1267,400,1667,241,1331,415,1746,124,1516,347,1863,131,1458,398,1856,54,1497,436,1933,101,1426,460,1886,98,1476,413,1889
E92000001,England,E12000008,South East,870,E06000038,Reading,290,1331,436,1767,296,1330,431,1761,325,1353,379,1732,233,1525,299,1824,188,1537,332,1869,252,1476,329,1805,294,1474,289,1763,231,1527,299,1826,466,1155,436,1591,540,1264,253,1517,399,1313,345,1658,365,1414,278,1692,284,1464,309,1773,290,1420,347,1767,151,1630,276,1906,207,1491,359,1850,214,1522,321,1843
E92000001,England,E12000008,South East,871,E06000039,Slough,298,1769,401,2170,333,1759,376,2135,355,1834,279,2113,162,1958,348,2306,183,1975,310,2285,279,1891,298,2189,268,1924,276,2200,211,2005,252,2257,519,1553,396,1949,634,1561,273,1834,474,1694,300,1994,456,1753,259,2012,364,1914,190,2104,375,1909,184,2093,163,2094,211,2305,247,1959,262,2221,257,2011,200,2211
E92000001,England,E12000008,South East,872,E06000041,Wokingham,197,1446,633,2079,189,1455,632,2087,185,1556,535,2091,148,1656,472,2128,92,1482,702,2184,148,1636,492,2128,185,1718,373,2091,140,1697,439,2136,343,1431,502,1933,471,1542,263,1805,302,1505,469,1974,229,1581,466,2047,186,1627,463,2090,174,1621,481,2102,51,1297,928,2225,128,1681,467,2148,117,1726,433,2159
E92000001,England,E12000008,South East,886,E10000016,Kent,2183,11559,4994,16553,2211,11441,5084,16525,2273,12110,4353,16463,1622,12929,4185,17114,1212,12742,4782,17524,1625,12871,4240,17111,1869,13074,3793,16867,1558,13438,3740,17178,3587,11176,3973,15149,4363,11867,2506,14373,3320,12131,3285,15416,2739,12740,3257,15997,1962,13478,3296,16774,1882,13207,3647,16854,1095,14284,3357,17641,1440,13483,3813,17296,1509,13592,3635,17227
E92000001,England,E12000008,South East,887,E06000035,Medway,425,2212,1006,3218,467,2223,953,3176,465,2385,793,3178,331,2640,672,3312,268,2578,797,3375,326,2505,812,3317,381,2542,720,3262,323,2590,730,3320,737,2169,737,2906,875,2400,368,2768,680,2304,659,2963,575,2429,639,3068,431,2659,553,3212,417,2637,589,3226,184,2681,778,3459,341,2681,621,3302,351,2751,541,3292
E92000001,England,E12000008,South East,921,E06000046,Isle of Wight,173,993,194,1187,176,987,197,1184,174,997,189,1186,161,1061,138,1199,112,1136,112,1248,142,1069,149,1218,157,1100,103,1203,144,1104,112,1216,316,890,154,1044,370,918,72,990,266,969,125,1094,246,1023,91,1114,179,1105,76,1181,200,1044,116,1160,112,1145,103,1248,162,1065,133,1198,160,1081,119,1200
E92000001,England,E12000008,South East,931,E10000025,Oxfordshire,838,5179,1863,7042,874,5101,1905,7006,936,5436,1508,6944,647,6016,1217,7233,546,6066,1268,7334,643,5983,1254,7237,789,6033,1058,7091,620,6212,1048,7260,1595,4880,1405,6285,1980,5243,657,5900,1375,5254,1251,6505,1086,5678,1116,6794,890,6110,880,6990,839,5942,1099,7041,369,6494,1017,7511,616,6098,1166,7264,688,6132,1060,7192
E92000001,England,E12000008,South East,936,E10000030,Surrey,1273,8965,3781,12746,1278,8790,3951,12741,1352,9320,3347,12667,974,9732,3313,13045,650,9298,4071,13369,925,9886,3208,13094,1120,10014,2885,12899,958,10191,2870,13061,2298,8465,3256,11721,2762,9580,1677,11257,1937,9635,2447,12082,1588,9806,2625,12431,1043,10135,2841,12976,1007,9830,3182,13012,343,6878,6798,13676,780,9946,3293,13239,740,10116,3163,13279
E92000001,England,E12000008,South East,938,E10000032,West Sussex,1165,7137,1502,8639,1210,7058,1536,8594,1221,7466,1117,8583,845,7958,1001,8959,637,8077,1090,9167,857,7895,1052,8947,975,7819,1010,8829,836,8087,881,8968,2007,6578,1219,7797,2608,6695,501,7196,1847,7011,946,7957,1490,7611,703,8314,1155,8003,646,8649,1155,7849,800,8649,610,8620,574,9194,921,8078,805,8883,883,8190,731,8921
E92000001,England,E12000009,South West,800,E06000022,Bath and North East Somerset,210,1227,502,1729,227,1222,490,1712,228,1351,360,1711,164,1481,294,1775,141,1521,277,1798,155,1465,319,1784,200,1452,287,1739,160,1503,276,1779,383,1202,354,1556,474,1397,68,1465,370,1325,244,1569,281,1442,216,1658,229,1525,185,1710,223,1501,215,1716,105,1656,178,1834,163,1481,295,1776,184,1495,260,1755
E92000001,England,E12000009,South West,801,E06000023,"Bristol, City of",914,3670,996,4666,922,3584,1074,4658,964,3712,904,4616,693,4119,768,4887,567,4252,761,5013,749,4024,807,4831,798,4087,695,4782,690,4188,702,4890,1451,3098,1031,4129,1640,3419,521,3940,1351,3473,756,4229,1173,3659,748,4407,903,4055,622,4677,920,3918,742,4660,463,4548,569,5117,732,4128,720,4848,762,4140,678,4818
E92000001,England,E12000009,South West,802,E06000024,North Somerset,249,1536,689,2225,249,1512,713,2225,255,1634,585,2219,233,1746,495,2241,133,1756,585,2341,180,1759,535,2294,202,1817,455,2272,174,1864,436,2300,434,1486,554,2040,561,1641,272,1913,395,1634,445,2079,343,1728,403,2131,248,1802,424,2226,242,1780,452,2232,136,1883,455,2338,176,1856,442,2298,181,1874,419,2293
E92000001,England,E12000009,South West,803,E06000025,South Gloucestershire,359,2163,1005,3168,354,2232,941,3173,353,2399,775,3174,310,2489,728,3217,220,2295,1012,3307,262,2397,868,3265,291,2472,764,3236,250,2507,770,3277,628,2102,797,2899,733,2298,496,2794,564,2269,694,2963,464,2477,586,3063,338,2676,513,3189,328,2620,579,3199,120,2329,1078,3407,277,2619,631,3250,287,2631,609,3240
E92000001,England,E12000009,South West,835,E10000009,Dorset,461,2645,1010,3655,488,2663,965,3628,518,2792,806,3598,365,2965,786,3751,269,2979,868,3847,350,2981,785,3766,451,2955,710,3665,364,3045,707,3752,922,2448,746,3194,1146,2583,387,2970,853,2655,608,3263,672,2844,600,3444,444,3060,612,3672,436,2973,707,3680,154,3330,632,3962,305,3051,760,3811,323,3110,683,3793
E92000001,England,E12000009,South West,836,E06000029,Poole,135,1033,533,1566,150,1028,523,1551,152,1127,422,1549,106,1204,391,1595,77,1171,453,1624,91,1185,425,1610,117,1201,383,1584,81,1244,376,1620,361,1016,324,1340,414,1127,160,1287,306,1105,290,1395,214,1197,290,1487,142,1222,337,1559,137,1200,364,1564,62,1373,266,1639,93,1222,386,1608,79,1233,389,1622
E92000001,England,E12000009,South West,837,E06000028,Bournemouth,213,1240,626,1866,210,1238,631,1869,234,1354,491,1845,166,1505,408,1913,114,1493,472,1965,149,1430,500,1930,196,1449,434,1883,158,1528,393,1921,368,1233,478,1711,478,1337,264,1601,329,1357,393,1750,260,1415,404,1819,172,1501,406,1907,177,1479,423,1902,49,1520,510,2030,108,1563,408,1971,115,1610,354,1964
E92000001,England,E12000009,South West,865,E06000054,Wiltshire,628,3756,1212,4968,631,3782,1183,4965,673,3964,959,4923,455,4284,857,5141,360,4478,758,5236,511,4246,839,5085,577,4306,713,5019,498,4391,707,5098,1178,3414,1004,4418,1515,3657,424,4081,1045,3730,821,4551,860,4040,696,4736,587,4441,568,5009,608,4239,749,4988,255,4796,545,5341,455,4366,775,5141,465,4451,680,5131
E92000001,England,E12000009,South West,866,E06000030,Swindon,427,1980,704,2684,442,1942,727,2669,464,2055,592,2647,332,2210,569,2779,258,2187,666,2853,375,2170,566,2736,400,2230,481,2711,333,2298,480,2778,741,1839,531,2370,856,1984,271,2255,668,1992,451,2443,581,2086,444,2530,444,2315,352,2667,439,2223,449,2672,179,2088,844,2932,331,2267,513,2780,359,2308,444,2752
E92000001,England,E12000009,South West,878,E10000008,Devon,974,5406,1703,7109,976,5353,1754,7107,994,5703,1386,7089,707,6014,1362,7376,549,6163,1371,7534,732,6072,1279,7351,877,6069,1137,7206,719,6192,1172,7364,1826,4637,1620,6257,2128,5166,789,5955,1519,5328,1236,6564,1217,5794,1072,6866,812,6213,1058,7271,842,5881,1360,7241,377,6792,914,7706,662,6109,1312,7421,666,6228,1189,7417
E92000001,England,E12000009,South West,879,E06000026,Plymouth,517,2225,435,2660,504,2231,442,2673,528,2301,348,2649,423,2493,261,2754,303,2648,226,2874,407,2481,289,2770,448,2470,259,2729,403,2518,256,2774,825,1925,427,2352,977,1965,235,2200,770,2049,358,2407,691,2226,260,2486,486,2489,202,2691,521,2428,228,2656,245,2776,156,2932,431,2489,257,2746,432,2536,209,2745
E92000001,England,E12000009,South West,880,E06000027,Torbay,232,1025,196,1221,224,1007,222,1229,220,1041,192,1233,189,1106,158,1264,130,1183,140,1323,176,1091,186,1277,211,1101,141,1242,181,1138,134,1272,335,881,237,1118,358,938,157,1095,314,957,182,1139,282,986,185,1171,192,1113,148,1261,196,1076,181,1257,105,1221,127,1348,163,1111,179,1290,164,1121,168,1289
E92000001,England,E12000009,South West,908,E06000052,Cornwall,809,3901,1336,5237,784,3945,1317,5262,803,4119,1124,5243,654,4389,1003,5392,516,4527,1003,5530,682,4361,1003,5364,779,4390,877,5267,656,4526,864,5390,1423,3512,1111,4623,1736,3692,618,4310,1310,3869,867,4736,1098,4154,794,4948,847,4503,696,5199,819,4315,912,5227,459,5002,585,5587,670,4361,1015,5376,691,4439,916,5355
E92000001,England,E12000009,South West,916,E10000013,Gloucestershire,879,4427,1759,6186,911,4339,1815,6154,921,4626,1518,6144,647,4936,1482,6418,508,4988,1569,6557,689,4934,1442,6376,806,5055,1204,6259,617,5229,1219,6448,1562,4027,1476,5503,1990,4271,804,5075,1511,4338,1216,5554,1154,4634,1277,5911,892,5118,1055,6173,885,4954,1226,6180,346,4967,1752,6719,633,4980,1452,6432,627,5207,1231,6438
E92000001,England,E12000009,South West,933,E10000027,Somerset,665,3850,1445,5295,672,3883,1405,5288,711,4130,1119,5249,542,4486,932,5418,377,4643,940,5583,512,4406,1042,5448,591,4466,903,5369,488,4575,897,5472,1319,3482,1159,4641,1564,3801,595,4396,1177,3876,907,4783,892,4273,795,5068,586,4670,704,5374,560,4561,839,5400,305,5119,536,5655,439,4724,797,5521,470,4801,689,5490
E92000001,England,E12000005,West Midlands,330,E08000025,Birmingham,3131,10495,2950,13445,3175,10400,3001,13401,3340,10626,2610,13236,2220,11801,2555,14356,2153,11671,2752,14423,2535,11524,2517,14041,2641,11693,2242,13935,2383,11914,2279,14193,4703,9405,2468,11873,5221,9587,1768,11355,4436,9940,2200,12140,4134,10383,2059,12442,3496,11145,1935,13080,3608,11002,1966,12968,2205,12531,1840,14371,2804,11607,2165,13772,3008,11530,2038,13568
E92000001,England,E12000005,West Midlands,331,E08000026,Coventry,806,3107,672,3779,861,3067,657,3724,907,3208,470,3678,606,3528,451,3979,550,3540,495,4035,683,3410,492,3902,681,3486,418,3904,595,3619,371,3990,1196,2802,587,3389,1391,2912,282,3194,1144,2896,545,3441,1047,3161,377,3538,868,3418,299,3717,848,3396,341,3737,429,3812,344,4156,629,3557,399,3956,670,3573,342,3915
E92000001,England,E12000005,West Midlands,332,E08000027,Dudley,732,2478,835,3313,730,2455,860,3315,758,2570,717,3287,573,2851,621,3472,460,2860,725,3585,581,2793,671,3464,624,2820,601,3421,552,2911,582,3493,1058,2312,675,2987,1231,2362,452,2814,983,2407,655,3062,931,2497,617,3114,756,2779,510,3289,758,2715,572,3287,519,3186,340,3526,691,2842,512,3354,666,2875,504,3379
E92000001,England,E12000005,West Midlands,333,E08000028,Sandwell,848,3298,807,4105,902,3281,770,4051,936,3365,652,4017,669,3755,529,4284,637,3745,571,4316,758,3564,631,4195,787,3621,545,4166,678,3765,510,4275,1582,2758,613,3371,1715,2859,379,3238,1450,3038,465,3503,1375,3179,399,3578,1108,3500,345,3845,1078,3523,352,3875,699,3966,288,4254,857,3689,407,4096,895,3687,371,4058
E92000001,England,E12000005,West Midlands,334,E08000029,Solihull,403,1822,691,2513,429,1804,683,2487,440,1858,618,2476,330,2019,567,2586,290,1978,648,2626,324,2005,587,2592,347,2058,511,2569,319,2065,532,2597,583,1681,652,2333,721,1742,453,2195,557,1812,547,2359,510,1879,527,2406,404,2000,512,2512,406,1966,544,2510,270,2179,467,2646,390,2023,503,2526,395,2033,488,2521
E92000001,England,E12000005,West Midlands,335,E08000030,Walsall,697,2671,529,3200,712,2626,559,3185,703,2733,461,3194,456,3106,335,3441,518,3035,344,3379,628,2839,430,3269,634,2922,341,3263,533,3021,343,3364,1097,2384,416,2800,1254,2461,182,2643,1048,2545,304,2849,1039,2634,224,2858,893,2819,185,3004,887,2823,187,3010,506,3236,155,3391,735,2942,220,3162,749,2956,192,3148
E92000001,England,E12000005,West Midlands,336,E08000031,Wolverhampton,687,2358,539,2897,723,2323,538,2861,741,2366,477,2843,497,2570,517,3087,442,2639,503,3142,543,2598,443,3041,578,2634,372,3006,507,2683,394,3077,1007,2027,550,2577,1157,2068,359,2427,971,2133,480,2613,866,2300,418,2718,761,2496,327,2823,736,2479,369,2848,469,2768,347,3115,651,2598,335,2933,679,2598,307,2905
E92000001,England,E12000005,West Midlands,860,E10000028,Staffordshire,1217,5471,2885,8356,1218,5457,2898,8355,1227,5842,2504,8346,969,6233,2371,8604,775,6070,2728,8798,953,6144,2476,8620,1039,6241,2293,8534,920,6333,2320,8653,1892,5366,2315,7681,2272,5677,1624,7301,1746,5790,2037,7827,1595,5977,2001,7978,1237,6489,1847,8336,1247,6279,2047,8326,764,6730,2079,8809,1016,6531,2026,8557,1065,6577,1931,8508
E92000001,England,E12000005,West Midlands,861,E06000021,Stoke-on-Trent,679,1893,808,2701,724,1866,790,2656,743,1944,693,2637,630,2123,627,2750,563,2120,697,2817,618,2116,646,2762,610,2178,592,2770,559,2227,594,2821,1036,1733,611,2344,1104,1853,423,2276,933,1901,546,2447,904,1956,520,2476,816,2123,441,2564,814,2110,456,2566,529,2313,538,2851,729,2135,516,2651,737,2188,455,2643
E92000001,England,E12000005,West Midlands,884,E06000019,"Herefordshire, County of",224,1248,441,1689,240,1242,431,1673,229,1328,356,1684,119,1438,356,1794,127,1452,334,1786,180,1420,313,1733,213,1405,295,1700,172,1437,304,1741,370,1190,353,1543,431,1322,160,1482,358,1303,252,1555,302,1373,238,1611,242,1460,211,1671,234,1423,256,1679,109,1596,208,1804,164,1504,245,1749,180,1505,228,1733
E92000001,England,E12000005,West Midlands,885,E10000034,Worcestershire,937,4251,1463,5714,944,4247,1460,5707,968,4494,1189,5683,742,4849,1060,5909,539,4944,1168,6112,739,4746,1166,5912,833,4815,1003,5818,681,5033,937,5970,1525,3950,1176,5126,1812,4189,650,4839,1432,4274,945,5219,1225,4531,895,5426,884,4960,807,5767,893,4756,1002,5758,392,5276,983,6259,681,4945,1025,5970,707,5006,938,5944
E92000001,England,E12000005,West Midlands,893,E06000051,Shropshire,324,1904,834,2738,337,1886,839,2725,368,1999,695,2694,222,2093,747,2840,163,2055,844,2899,251,2049,762,2811,275,2109,678,2787,253,2153,656,2809,625,1758,679,2437,771,1919,372,2291,613,1918,531,2449,473,2041,548,2589,294,2216,552,2768,289,2184,589,2773,145,2247,670,2917,234,2224,604,2828,252,2249,561,2810
E92000001,England,E12000005,West Midlands,894,E06000020,Telford and Wrekin,367,1476,475,1951,355,1474,489,1963,375,1521,422,1943,259,1664,395,2059,205,1718,395,2113,270,1659,389,2048,298,1657,363,2020,264,1676,378,2054,559,1255,504,1759,639,1360,319,1679,529,1393,396,1789,483,1490,345,1835,328,1694,296,1990,327,1598,393,1991,237,1798,283,2081,293,1701,324,2025,297,1670,351,2021
E92000001,England,E12000005,West Midlands,937,E10000031,Warwickshire,899,4340,1366,5706,909,4302,1394,5696,913,4593,1099,5692,695,4840,1070,5910,541,4908,1156,6064,682,4868,1055,5923,734,4939,932,5871,621,5064,920,5984,1362,3826,1417,5243,1665,4164,776,4940,1283,4223,1099,5322,1130,4514,961,5475,883,4991,731,5722,909,4824,872,5696,442,5493,670,6163,724,4962,919,5881,747,5038,820,5858
E92000001,England,E12000003,Yorkshire and The Humber,370,E08000016,Barnsley,466,1922,623,2545,445,1947,619,2566,448,2001,562,2563,329,2144,538,2682,288,2214,509,2723,388,2152,471,2623,444,2168,399,2567,363,2235,413,2648,819,1746,446,2192,920,1870,221,2091,719,1906,386,2292,642,2031,338,2369,497,2241,273,2514,485,2235,291,2526,193,2087,731,2818,406,2214,391,2605,396,2262,353,2615
E92000001,England,E12000003,Yorkshire and The Humber,371,E08000017,Doncaster,512,2341,872,3213,535,2324,866,3190,537,2430,758,3188,446,2580,699,3279,418,2560,747,3307,470,2535,720,3255,503,2578,644,3222,442,2637,646,3283,969,2114,642,2756,1078,2206,441,2647,882,2293,550,2843,807,2402,516,2918,644,2597,484,3081,636,2572,517,3089,332,2799,594,3393,544,2621,560,3181,564,2598,563,3161
E92000001,England,E12000003,Yorkshire and The Humber,372,E08000018,Rotherham,483,2087,837,2924,475,2106,826,2932,514,2262,631,2893,334,2402,671,3073,347,2432,628,3060,386,2369,652,3021,425,2390,592,2982,368,2458,581,3039,816,1945,646,2591,890,2069,448,2517,711,2148,548,2696,635,2212,560,2772,523,2461,423,2884,505,2434,468,2902,279,2637,491,3128,415,2434,558,2992,442,2476,489,2965
E92000001,England,E12000003,Yorkshire and The Humber,373,E08000019,Sheffield,793,4428,1338,5766,795,4487,1277,5764,816,4691,1052,5743,391,5188,980,6168,487,4955,1117,6072,653,4997,909,5906,755,4923,881,5804,640,5095,824,5919,1746,3736,1077,4813,1887,4107,565,4672,1496,4211,852,5063,1294,4455,810,5265,918,4928,713,5641,928,4795,836,5631,305,5464,790,6254,581,5149,829,5978,663,5218,678,5896
E92000001,England,E12000003,Yorkshire and The Humber,380,E08000032,Bradford,1217,4687,1892,6579,1292,4673,1831,6504,1308,4904,1584,6488,781,5518,1497,7015,856,5369,1571,6940,1023,5285,1488,6773,1123,5378,1295,6673,864,5607,1325,6932,2186,4508,1102,5610,2418,4648,730,5378,2031,4704,1061,5765,1856,4985,955,5940,1512,5392,892,6284,1544,5341,911,6252,657,6073,1066,7139,1148,5534,1114,6648,1272,5538,986,6524
E92000001,England,E12000003,Yorkshire and The Humber,381,E08000033,Calderdale,409,1841,615,2456,381,1853,631,2484,389,1913,563,2476,294,2103,468,2571,278,2120,467,2587,321,2073,471,2544,358,2096,411,2507,267,2189,409,2598,708,1660,497,2157,851,1738,276,2014,673,1813,379,2192,616,1909,340,2249,471,2065,329,2394,473,1992,400,2392,261,2253,351,2604,372,2125,368,2493,388,2100,377,2477
E92000001,England,E12000003,Yorkshire and The Humber,382,E08000034,Kirklees,835,3506,1193,4699,839,3546,1149,4695,863,3720,951,4671,645,3943,946,4889,511,3979,1044,5023,576,4000,958,4958,655,3991,888,4879,552,4118,864,4982,1346,3238,950,4188,1582,3333,619,3952,1318,3375,841,4216,1140,3655,739,4394,792,4093,649,4742,791,3972,771,4743,453,4291,790,5081,630,4145,759,4904,654,4126,754,4880
E92000001,England,E12000003,Yorkshire and The Humber,383,E08000035,Leeds,1511,6336,2474,8810,1568,6331,2422,8753,1777,6608,1936,8544,1058,7362,1901,9263,818,7084,2419,9503,1244,7137,1940,9077,1410,7239,1672,8911,1100,7479,1742,9221,2948,5857,1516,7373,3483,5955,883,6838,2758,6335,1228,7563,2408,6683,1230,7913,1690,7004,1627,8631,1748,6915,1658,8573,671,7755,1895,9650,1202,7221,1898,9119,1245,7235,1841,9076
E92000001,England,E12000003,Yorkshire and The Humber,384,E08000036,Wakefield,696,2768,748,3516,683,2756,773,3529,736,2797,679,3476,599,3073,540,3613,593,3076,543,3619,587,3000,625,3625,661,3092,459,3551,612,3130,470,3600,1153,2410,649,3059,1293,2504,415,2919,1046,2622,544,3166,972,2770,470,3240,856,2995,361,3356,843,2968,401,3369,499,3404,309,3713,711,3110,391,3501,733,3133,346,3479
E92000001,England,E12000003,Yorkshire and The Humber,810,E06000010,"Kingston Upon Hull, City of",687,2315,585,2900,729,2280,578,2858,751,2302,534,2836,629,2522,436,2958,490,2685,412,3097,557,2547,483,3030,580,2595,412,3007,522,2638,427,3065,1087,2042,458,2500,1186,2047,354,2401,955,2215,417,2632,920,2380,287,2667,789,2480,318,2798,831,2426,330,2756,391,2870,326,3196,700,2539,348,2887,666,2613,308,2921
E92000001,England,E12000003,Yorkshire and The Humber,811,E06000011,East Riding of Yorkshire,450,2289,976,3265,415,2258,1042,3300,437,2403,875,3278,334,2496,885,3381,235,2462,1018,3480,300,2580,835,3415,384,2578,753,3331,295,2677,743,3420,770,2124,821,2945,963,2230,522,2752,717,2270,728,2998,604,2399,712,3111,417,2650,648,3298,401,2588,726,3314,172,2788,755,3543,324,2628,763,3391,317,2739,659,3398
E92000001,England,E12000003,Yorkshire and The Humber,812,E06000012,North East Lincolnshire,250,1362,381,1743,260,1369,364,1733,279,1390,324,1714,247,1472,274,1746,165,1466,362,1828,203,1475,315,1790,215,1497,281,1778,201,1514,278,1792,499,1177,317,1494,547,1245,201,1446,433,1310,250,1560,407,1404,182,1586,270,1523,200,1723,278,1519,196,1715,147,1645,201,1846,235,1468,290,1758,244,1533,216,1749
E92000001,England,E12000003,Yorkshire and The Humber,813,E06000013,North Lincolnshire,265,1299,443,1742,285,1313,409,1722,288,1392,327,1719,213,1427,367,1794,182,1475,350,1825,189,1466,352,1818,207,1487,313,1800,189,1484,334,1818,443,1178,386,1564,521,1287,199,1486,404,1313,290,1603,374,1400,233,1633,286,1510,211,1721,285,1494,228,1722,139,1665,203,1868,231,1535,241,1776,236,1550,221,1771
E92000001,England,E12000003,Yorkshire and The Humber,815,E10000023,North Yorkshire,733,4057,1406,5463,760,4033,1403,5436,774,4281,1141,5422,581,4494,1121,5615,432,4671,1093,5764,544,4531,1121,5652,633,4690,873,5563,528,4803,865,5668,1303,3718,1175,4893,1618,3894,684,4578,1174,3955,1067,5022,971,4334,891,5225,748,4771,677,5448,723,4614,859,5473,383,5029,784,5813,575,4712,909,5621,592,4800,804,5604
E92000001,England,E12000003,Yorkshire and The Humber,816,E06000014,York,191,1277,540,1817,194,1266,548,1814,206,1308,494,1802,187,1401,420,1821,135,1425,448,1873,181,1389,438,1827,205,1436,367,1803,160,1485,363,1848,376,1152,480,1632,475,1283,250,1533,339,1254,415,1669,309,1326,373,1699,214,1475,319,1794,191,1415,402,1817,83,1576,349,1925,165,1405,438,1843,147,1466,395,1861
